#,Name,Owner,Base,Phone,Email,Contact completeness,Website,Instagram,Services,Solo status,Solo evidence,Area,Rating,Price hint,Notes,Sources
1,ATX Estate Media,Paul (surname not found),"Pflugerville, TX",(805) 415-2369,ContactATXEstateMedia@gmail.com,Phone + email,https://www.atxestatemedia.com,,"RE photo, video, social media tools",Likely solo,Reviews name a single person (Paul); gmail contact,,Yelp listed,,,https://www.atxestatemedia.com/contact;https://local.yahoo.com/info-237456625-atx-estate-media-pflugerville/;https://www.yelp.com/biz/atx-estate-media-pflugerville
2,Austin 360 Photography,Luke Nunnally,"Marble Falls / Austin, TX",(512) 515-3999,contact@austin360photography.com,Phone + email,https://www.austin360photography.com,,"RE photo, drone, Matterport, video, virtual staging, commercial, events",Likely solo,Luke Nunnally named founder/lead photographer; site says 'team led by' Luke; sister brands Fort Worth 360 / San Antonio 360 suggest a small multi-market operation,,,,Email only shown masked on RocketReach (not used). Solo status uncertain given sister-city brands. | Other phone found in first round: (512) 686-4707,https://www.austin360photography.com/contact/;https://rocketreach.co/luke-nunnally-email_110550418;https://www.fortworth360photography.com/
3,Austin Realty Media,Randy Hill,"Austin, TX",512.969.8468,austinrealtymedia@gmail.com,Phone + email,http://www.austinrealtymedia.com,@austinrealtymedia,RE photography,Likely solo,Small brand est. 2022; no team info,,Named in Peerspace 'Top 9 Real Estate Photographers in Austin',,Owner not found.,http://www.austinrealtymedia.com/;https://www.instagram.com/austinrealtymedia/;https://austinrealtymedia.com/index.html;https://www.facebook.com/austinrealtymedia/;https://voyageaustin.com/interview/rising-stars-meet-randy-hill-of-austin/;https://canvasrebel.com/meet-randy-hill/
4,Bravo Mike Real Estate Photography,Brandon McCurry,"Spicewood / Austin, TX",(281) 636-9135,brandon@bravomikerep.com,Phone + email,https://www.bravomikerep.com,@bravomike.rep,"RE photo, video, aerial, 360 tours",Likely solo,Owner-named (initials B.M.); single personal email; also serves Houston,,BBB profile; Yelp listed,,Est. 2022.,https://www.bravomikerep.com/contact/;https://www.bbb.org/us/tx/spicewood/profile/drone-photography/bravo-mike-real-estate-photography-0825-1000222822;https://www.linkedin.com/in/brandon-mccurry-a1a13324/
5,"David Stewart Photography, LLC",David Stewart,Round Rock,(512) 705-6413,david@atxrealestate.photography,Phone + email,https://www.davidstewartmedia.com/real-estate,@davidstxphoto,photo; video; Matterport,Likely solo,Named-owner LLC operating as David Stewart; personal email; Nextdoor/Facebook page for individual,,,,"Alt phone (512) 765-2899 also listed. Address 767 Heritage Springs Trl, Round Rock 78664 (from search snippet of FB about page).",https://www.facebook.com/DSphotoLLC/;https://m.facebook.com/DSphotoLLC/about/;https://nextdoor.com/pages/david-stewart-photography-round-rock-tx/;https://www.cubi.casa/photographer/david-stewart-photography-llc/
6,Herron Sky View,Dan Herron,"Austin (78704 mailing address, 100 S Congress)",512-775-9325,dan@herronskyview.com,Phone + email,https://www.herronskyview.com/,,"Aerial/drone real estate photo & cinematic video, commercial & residential, Hill Country",Likely solo,Owner Dan Herron described as FAA-licensed drone pilot/cinematographer doing the work,,Yelp listing (Real Estate Photography),,Drone-focused rather than interior listing photos.,https://www.herronskyview.com/;https://www.herronskyview.com/contact-herron-sky-view/;https://www.yelp.com/biz/herron-sky-view-austin
7,JPM Real Estate Photography,JP Morales,"Austin, TX (also DFW)",(512) 987-2371,jpmoralesmarketing@gmail.com,Phone + email,https://jpmrealestatephotography.com,@jpmrealestatephotography,"RE photo, aerial, twilight, video tours, virtual staging, property websites",Likely solo,"Branded around JP Morales personally (Zillow profile 'JP Morales', smugmug jpmorales); no team page found",,,,Alt phone (214) 455-9880 on Zillow (DFW). Email surfaced in search summary of Zillow/Yelp listing - verify.,https://jpmrealestatephotography.com/;https://www.zillow.com/profile/JPMRealEstatePhoto;https://www.yelp.com/biz/jpm-real-estate-photography-austin
8,Kelly Colson Photography,Kelly Colson,"Round Rock, TX",805.416.6356,kelly@kellycolson.com,Phone + email,https://www.kellycolson.com,@colson.realestate.photography,"Photos, 3D tours, video tours, property websites, 2D floor plans",Confirmed solo,Personal-name brand; described as 'a dedicated real estate photographer'; single contact,,,,,https://www.kellycolson.com/;https://www.instagram.com/colson.realestate.photography/;https://nextdoor.com/pages/kelly-colson-photography-round-rock-tx/
9,Optica Photo,Tyler (surname not found),"Austin, TX 78751",(512) 766-2729,tyler@optica-photo.com,Phone + email,https://optica-photo.com,@optica.photo,"RE photo, drone, twilight, virtual staging, 360 tours, commercial",Likely solo,Reviews reference working with Tyler; single owner email; site copy says 'our photographers' (possible marketing plural),,,<24h turnaround,Since 2020.,https://optica-photo.com/contact/;https://www.instagram.com/optica.photo/;https://www.photographerselect.com/profile.b.465.r.125723.u.f213c5.html
10,Positive Image Photography,Lewis & Carol Kincheloe,Georgetown,(512) 930-4250,posimage@texas.net,Phone + email,https://www.posimage.net/real-estate-photography,,photo,Likely solo,Locally owned husband-wife studio; Lewis is the Master Photographer,,Yelp listing (53 photos),,Primarily portrait studio (seniors/family/headshots); real estate is a side service. 101 W Cooperative Way Ste 205.,https://www.posimage.net/real-estate-photography;https://www.posimage.net/contact-us;https://www.yelp.com/biz/positive-image-photography-georgetown
11,Red Door Photography Services,Kimberly Ness,"Austin (South, 78748 - 10600 Brezza Ln)",(415) 608-9971,kness@reddoorpix.com,Phone + email,https://www.reddoorpix.com/,,"HDR listing photos, 3D tours, 2D/3D floor plans, virtual staging, virtual twilights, video",Likely solo,"'Woman veteran, locally owned and operated'; owner Kimberly Ness",,Yelp listings (2); Zillow profile RedDoorPix,,Phone has 415 area code as published.,https://www.reddoorpix.com/;https://www.yelp.com/biz/red-door-photography-services-austin;https://www.facebook.com/reddoorpix78748/;https://www.zillow.com/profile/RedDoorPix
12,SOLiD Real Estate Photography,Dee Martin,"Pflugerville, TX",(512) 731-6329,d.martin@solid-photography.com,Phone + email,https://austinrealestatephotographers.com,,"RE photo, video, architectural",Likely solo,Reviews credit owner 'Dee' individually,,,Pricing page,Domain is austinrealestatephotographers.com (plural) - distinct from skip-list 'Austin Real Estate Photography' (austinrealestatephotography.com); verify no overlap.,https://austinrealestatephotographers.com/contact-us/;https://austinrealestatephotographers.com/about-us/;https://austinrealestatephotographers.com/;https://austinrealestatephotographers.com/interior-photography/georgetown/;https://www.facebook.com/SOLiDRealEstatePhotography/
13,Stephen Olker Photography,Stephen Olker,"North Austin, TX",(512) 481-8669,info@olkerphoto.com,Phone + email,https://stephenolker.com,@olkerphoto,"Real estate, aerial, weddings, events, concerts",Confirmed solo,"Personal-name brand, individual",,Thumbtack RE/aerial lists; Yelp,,Primarily wedding/event.,https://stephenolker.com/;https://www.thumbtack.com/tx/austin/real-estate-photographers
14,VANTAGE Aerial Photography,Jesse Wolter,"Austin (South, 78745)",(512) 796-5711,vantageaerialphotography@gmail.com,Phone + email,https://www.vantageaerialphotography.co/,,"Aerial photo/video for real estate, ranch mapping, events, film",Likely solo,Jesse Wolter listed as Owner and Pilot,,Yelp listing,,Drone-only; not interior listing photography.,https://www.vantageaerialphotography.co/contact;https://www.yelp.com/biz/vantage-aerial-photography-austin-6;https://www.facebook.com/vantageaerial/
15,Wes Albanese Photography,Wes Albanese,Temple (serves Georgetown/Jarrell/north Williamson Co.),(254) 317-1541,wes@wesalbanesephotography.com,Phone + email,https://www.wesalbanesephotography.com/real-estate-photographer,,photo; drone; Matterport; floor plans,Likely solo,Named owner-photographer; veteran-led studio,"Outside metro, serves it",Yelp listing (23 photos),,"MARGINAL: based in Temple (Bell Co.), outside north Austin metro; listed on CubiCasa for Georgetown.",https://www.wesalbanesephotography.com/;https://www.yelp.com/biz/wes-albanese-photography-temple;https://www.cubi.casa/photographers/usa/texas/georgetown/
16,ATX Photo Dude,Adam (surname not found),"Austin, TX",(512) 767-3706,,Phone only,https://atxphotodude.com,,"RE photo, drone (Part 107), video, Matterport, Zillow 3D, floor plans, social",Likely solo,'Locally owned' single-operator branding ('Photo Dude'); owner first name Adam per search summary,,Yelp listed,,Owner name weakly sourced.,https://atxphotodude.com/;https://www.yelp.com/biz/atx-photo-dude-austin
17,ATX Real Estate Media (Showing Austin LLC),Scott Wachter,"Austin, TX",512.755.2934,,Phone only,https://showingaustin.com,@showingaustin,"RE photo, video, floor plans, virtual staging",Confirmed solo,'Owned and operated by Scott Wachter',,,,,https://showingaustin.com/about/;https://showingaustin.com/contact/
18,Austin Rocks Productions,,"Austin, TX 78728 (Wells Branch)",(512) 730-1425,,Phone only,https://austinrocksproductions.com,,Luxury home and commercial RE photo and video,Likely solo,No team info found,,Yelp listed,Pricing page exists,Owner name not found.,https://austinrocksproductions.com/contact/;https://www.alignable.com/wells-branch-tx/austin-rocks-productions;https://www.yelp.com/biz/austin-rocks-productions-no-title
19,Botello Photography,,Pflugerville,(737) 397-5283,,Phone only,https://www.botellophotography.com/,,photo; drone,Likely solo,"Surname-branded, home address (19012 Quebrada Dr, Pflugerville); small portfolio site; no team listed",,Yelp listing (16 photos),custom packages,"Owner name unconfirmed; serves Pflugerville, Round Rock, Hutto.",https://www.yelp.com/biz/botello-photography-pflugerville;https://local.yahoo.com/info-239422292-botello-photography-pflugerville/;https://www.botellophotography.com/contact
20,Bruce Fluet Real Estate Photography,Bruce Fluet,"Round Rock, TX",(512) 867-5398,,Phone only,https://brucefluet.com,,"RE photo, video, Matterport/Zillow 3D, floor plans, drone, virtual staging",Confirmed solo,"Personal-name brand, Bruce Fluet LLC; site says Bruce is often out in the field, prefers text/online booking; 22+ yrs",,Birdeye 5.0 (10 reviews),,"Address 3020 Margarita Loop, Round Rock. Phone not visible in snippets.",https://brucefluet.com/;https://reviews.birdeye.com/bruce-fluet-real-estate-photography-bruce-fluet-llc-170416869259858;https://www.cubi.casa/photographer/bruce-fluet-real-estate-photography/
21,Cameron Rainer Photography,Cameron Rainer,"Spicewood, TX",(512) 630-1995,,Phone only,https://cameronrainer.com,,"Real estate, family, events, portraits",Confirmed solo,Personal-name brand; Yelp reviews describe 'he',,Yelp top-ranked Spicewood RE,,Generalist; est. 2016.,https://cameronrainer.com/;https://www.yelp.com/search?cflt=estatephotography&find_loc=Spicewood%2C+TX
22,Casa Realty Media,Unconfirmed (possibly Mason Martochko),"Austin / Round Rock, TX",(920) 225-9478,,Phone only,https://casarealtymedia.com,,"RE photo, Airbnb, commercial, agent branding",Likely solo,Founder is an Austin agent doing photography; reviews name Mason Martochko,,Yelp listed,Services/prices page,Owner name unconfirmed. Est. 2022.,https://casarealtymedia.com/;https://www.yelp.com/biz/casa-realty-media-austin;https://www.alignable.com/round-rock-tx/casa-realty-media
23,Daily As Built Floor Plans & Photography,Greg Daily,"Austin, TX",(512) 730-0291,,Phone only,https://dailyasbuilt.com,@daily_as_built,"HDR photo, as-built floor plans, drone, video, 2D/3D tours",Confirmed solo,Owner Greg Daily is the photographer; Austin NARI member listing,,Yelp 10 reviews,,Austin NARI member.,https://www.yelp.com/biz/daily-as-built-austin;https://www.linkedin.com/in/gregdaily/;http://members.austinnari.org/list/member/daily-as-built-floor-plans-photography-475;https://dailyasbuilt.com/austin-commercial-real-estate-photography/
24,Full Page Photo,Scott Hamilton,"Austin, TX",(512) 402-6611,,Phone only,https://www.fullpagephoto.com,,"MLS listing photography, luxury RE",Confirmed solo,"Site explicitly: 'Austin's trusted solo real estate photographer, Scott Hamilton'; also licensed TX Realtor (TREC# 612886)",,"Yelp top-ranked, 5-star reviews",Homeowner pricing page exists,Phone/email not in snippets (use site booking form). Since 2011. | Phone may be his Realtor line,https://www.fullpagephoto.com/about/;https://www.zillow.com/profile/fullpagephoto;https://www.yelp.com/search?cflt=estatephotography&find_loc=Austin%2C+TX
25,HD Media Partners,Caleb (lead photographer) & Rebecca (co-owner ops),"Austin, TX 78745",(512) 230-7955,,Phone only,https://hdmediapartners.co,@hdmediapartners,"Listing photo, video, drone",Likely solo,One photographer (Caleb) + spouse/partner on ops/marketing,,Expertise.com listed,,Surnames not found; HDPhotoHub portal hdmediapartners.hd.pics.,https://hdmediapartners.co/;https://hdmediapartners.co/contact-us/
26,Images by Johnny Stevens,Johnny Stevens,"Austin (Westlake), TX",(512) 762-5621,,Phone only,https://www.johnnystevens.com,,"Architectural, RE, interior design, aerial, portrait",Confirmed solo,"Personal-name brand, CPP photographer, 30+ yrs",,Yelp listed; Houzz,,Heavy student-housing/commercial work nationally.,https://www.johnnystevens.com/contact-johnny/;https://www.yelp.com/biz/images-by-johnny-stevens-austin;https://www.houzz.com/professionals/photographers/images-by-johnny-stevens-pfvwus-pf~1762556467
27,James Goulden Photography,James Goulden,"Wimberley, TX",(713) 396-6760,,Phone only,http://texasrealestate.photos,,"RE photo, Matterport, 3D/video walkthroughs, floor plans, commercial/architectural",Confirmed solo,Personal-name brand; testimonials describe him individually,,Yelp listed,,Also jamesgoulden.com. Covers Austin-San Antonio corridor.,http://texasrealestate.photos/contact;https://www.yelp.com/biz/james-goulden-photography-wimberley;https://www.zillow.com/profile/James%20Goulden
28,Kies Photography,Richard W. Kies II,"Austin, TX",(512) 677-5742,,Phone only,https://kiesphotography.com,,"Residential/commercial RE photo, Matterport, Google Street View, drone",Confirmed solo,Richard Kies is 'Owner - Photographer'; personal-name brand,,BBB profile; Expertise.com listed,,Email not published (only guessed formats on RocketReach - not used).,https://www.zillow.com/profile/Kies-Photography;https://www.bbb.org/us/tx/austin/profile/photographer/kies-photography-0825-1000140340/;https://www.expertise.com/lifestyle/real-estate-photographers/texas/austin;https://kiesphotography.com/
29,Lowlycrow Aerial and Business Photography,Lori Croft,Liberty Hill,(737) 210-4775,,Phone only,https://www.lowlycrowaerialphotography.com/,,drone photo; drone video,Likely solo,LinkedIn: Lori Croft owner; single-pilot Droners.io profile; PO Box 216 Liberty Hill,,,~$60/hr (Droners.io),"Drone-only; real estate, roofing, construction.",https://www.lowlycrowaerialphotography.com/;https://droners.io/accounts/7ws7-jesv/;https://www.linkedin.com/in/lori-croft-9a53a1272
30,Scott Ramsay Images,Scott Ramsay,"Austin, TX 78729",(512) 800-9463,,Phone only,https://www.scottramsayimages.com,,"RE photo/video, aerial (FAA), commercial, headshots",Confirmed solo,Personal-name brand; Scott is the photographer/videographer/pilot,,Yelp top RE list,Pricing page,Phone from ZoomInfo HQ listing - verify.,https://www.scottramsayimages.com/about/;https://www.alignable.com/austin-tx/scott-ramsay-images/aerial-and-ground-based-videography-and-photography-services;https://www.zoominfo.com/c/scott-ramsay-images/471801322;https://www.yelp.com/biz/scott-ramsay-images-austin
31,Texas Hill Country Photography (TXHCP),,"Austin, TX",(512) 997-8969,,Phone only,https://www.texashillcountryphotography.com,,"MLS listings, drone, commercial construction, headshots",Likely solo,No team info,,Yelp listed,,Owner not found.,https://www.texashillcountryphotography.com/real-estate;https://www.facebook.com/txhcp/
32,Texas Ranch & Land Photography,Clayton Bonner,Dripping Springs,(512) 696-7988,,Phone only,https://www.texasranchandlandphotography.com/,@claytonhbonner,"Ranch/land & residential listing photo, drone, videography, Hill Country",Likely solo,Site: Clayton Bonner is owner and photographer,,,,Also a licensed agent with Ranchland Real Estate; prefers text or form.,https://www.texasranchandlandphotography.com/;https://www.texasranchandlandphotography.com/contact-real-estate-photographer
33,Visione Video and Photography,Gennessa (surname not found),"Leander, TX",(512) 909-5752,,Phone only,https://visionelens.com,,"Real estate, events, sessions, weddings",Confirmed solo,"Women-owned, Gennessa is the photographer",,Yelp RE category,,Alt phone (512) 577-1756 on Buzzfile. Mostly wedding.,https://www.yelp.com/biz/visione-video-and-photography-leander-4;https://local.yahoo.com/info-220068407-visione-video-and-photography-leander/
34,VTourStudios Austin,Alan Duggins,"Austin, TX",512-553-6308,,Phone only,https://vtourstudiosaustin.com,@vtourstudiosaustinphotography,"RE photo, virtual tours",Likely solo,Alan Duggins listed as owner & RE photographer (also a Realtor at Advantage Austin Properties),,Trustindex reviews,,Phone may be his realtor line.,https://vtourstudiosaustin.com/contact-us/;https://www.linkedin.com/in/alan-duggins-441b45191/;https://advantageaustin.com/team-members/alan-duggins/
35,J&E Tex Drones LLC,John Moore,Waco/Temple (serves Georgetown),(254) 329-5216,,Phone only,https://www.jandetexdrones.com/real-estate-drone-services,,drone photo; drone video,Likely solo,About page: FAA Part 107 pilot John Moore,"Outside metro, serves it",,,"MARGINAL: Waco-based, lists Georgetown/Austin in coverage. Drone only.",https://www.jandetexdrones.com/contact;https://www.jandetexdrones.com/about
36,The Hill Country Real Estate Photographer,Tracy Taha,"New Braunfels / Canyon Lake (serves San Marcos, Kyle, Wimberley)",830-888-0838,,Phone only,https://www.thehillcountryrealestatephotographer.com/,,"Real estate & drone photography, commercial photo/video",Likely solo,Tracy Taha listed as Owner/Photographer,"Outside metro, serves it",,,"Base is south of target area (New Braunfels); also linked to Hill Country Real Estate Photography, Boerne (210-887-4424). Include only if San Marcos/Kyle edge coverage is acceptable.",https://www.thehillcountryrealestatephotographer.com/contact-us/;https://www.facebook.com/thehillcountryrealestatephotographer/
37,HaasMedia,Mitch Haas,"Austin, TX",,contact@haasmedia.co,Email only,https://www.haasmedia.co,,Luxury RE photo and video,Likely solo,"About page centers on Mitch Haas personally (native Texan, RE developer)",,,,Photography may be side business to development.,https://www.haasmedia.co/about;https://www.haasmedia.co/
38,Impressive Spaces,Alex Tice Gray,"Austin, TX & Denver, CO",,connect@impressivespacesphoto.com,Email only,https://www.impressivespacesphoto.com,,"Architecture, interiors, hospitality, RE listings, video",Likely solo,LinkedIn shows Alex Tice Gray as architectural photographer/owner; site mentions 'one of our founders' (possibly >1 founder),,,,Two-market (Austin/Denver).,https://www.impressivespacesphoto.com/contact-2;https://www.linkedin.com/in/alexanderticegray/
39,Kieran Reeves Photography,Kieran Reeves,"Austin, TX",,hello@kreevesphoto.com,Email only,https://kreevesphoto.com,@kieranreevesphotography,"Interiors, architecture, real estate (luxury, multifamily)",Confirmed solo,"Personal-name brand; first-person bio (UK-born, ex-musician)",,,,Skews architectural/interiors.,https://kreevesphoto.com/contact;https://kreevesphoto.com/about;https://www.peerspace.com/resources/real-estate-photographers-austin/
40,Signature Style Imagery,,Austin,,info@signaturestyleimagery.com,Email only,https://www.signaturestyleimagery.com/,,"Listing photos, aerial, 3D tours, 2D/3D floor plans, reels, video",Likely solo,"UNVERIFIED - small local brand, owner name not found",,,Pricing page on site,Solo status unconfirmed; verify before outreach.,https://www.signaturestyleimagery.com/;https://www.alignable.com/austin-tx/signature-style-imagery
41,BorjaVisuals (Justin Borja),Justin Borja,"Harker Heights / Austin, TX",,bajustin@gmail.com,Email only,https://www.borjavisuals.com,,"Real estate, portraits, brand, landscape",Confirmed solo,"Individual Thumbtack pro, personal brand, Air Force veteran","Outside metro, serves it",Thumbtack top-3 Austin RE,,Generalist; based in Killeen area.,https://www.thumbtack.com/tx/austin/real-estate-photographers;https://www.borjavisuals.com/about
42,512 Real Estate Photography,,"Austin, TX",,,Website only,https://www.512realestatephotography.com,,"Photos, aerials, drone flyover video, property line inserts",Likely solo,Small single-package offering; no team info found,,Yelp listed,"$495 package (35+ photos, 25+ aerials, 1-min drone video)",Owner and contact not found; Yelp address 800 Embassy Dr.,https://www.512realestatephotography.com/;https://www.yelp.com/biz/512-real-estate-photography-austin
43,66 Creative Media,Tana & Derick,Cedar Park,,,Website only,https://66creative.com/,@66creativemedia,photo; drone; video; 3D tours; social reels,Likely solo,Husband-and-wife team per About page; IG bio 'Tana & Derick',,,flat-rate pricing,Contact page exists (66creative.com/contact/) but phone/email not surfaced in search snippets. Also sells closing gifts.,https://66creative.com/;https://66creative.com/about/;https://www.instagram.com/66creativemedia/;https://www.cubi.casa/photographer/66-creative-media/
44,Candescent Photography,,"Austin, TX",,,Website only,https://www.candescentphotography.com,,"Real estate, portraits",Likely solo,Individual Thumbtack pro,,Thumbtack top Austin RE list,,Owner/contact not found.,https://www.thumbtack.com/tx/austin/real-estate-photographers;https://www.candescentphotography.com/
45,Frankstone Media,Harper Frankstone,"Austin, TX",,,Website only,https://www.frankstonemedia.net,@frankstonemedia,"Listing photo, drone photo/video, Matterport 3D, reels, land",Likely solo,Harper described as owner and lead photographer; Voyage Austin profile is about him personally; 'lead photographer' wording hints at possible helpers,,,Next-business-day delivery,Phone/email not visible in snippets; site fetch blocked.,https://www.frankstonemedia.net/team;https://voyageaustin.com/interview/community-highlights-meet-harper-frankstone-of-frankstone-media/;https://www.alignable.com/austin-tx/frankstone-media
46,Higher Views Imaging,Keith Mitchell,"Leander, TX",,,Website only,https://higherviewsimaging.com,,"RE photo, aerial, video, virtual tours, virtual staging, floor plans",Likely solo,Keith Mitchell listed as owner (LinkedIn); 'local business' since 2017; no other staff found,,,Pricing page exists,Uses HDPhotoHub (higherviewsimaging.hd.pics). Email masked on ZoomInfo only (not used).,https://higherviewsimaging.com/;https://www.linkedin.com/in/keith-mitchell-3219359;https://www.alignable.com/leander-tx/higher-views-imaging-llc
47,Key Listing Media,,"Austin, TX",,,Website only,https://keylistingmedia.com,,"Residential, Airbnb/STR, commercial photo, drone, virtual staging, Matterport, floor plans, video",Likely solo,No team info; single-operator style pricing,,,"$175 up to 2,000 sqft incl. drone",Owner/contact not found.,https://keylistingmedia.com/;https://keylistingmedia.com/how-much-does-real-estate-photography-cost-in-austin-2026-pricing-guide/
48,Markus Lindsey Photography,Markus Lindsey,Georgetown,,,Website only,https://markuslindseyphotography.com/,@markuslindseyphotography,photo,Likely solo,"Individual photographer, named brand; Voyage Austin profile",,,,Real estate is one of several services (wildlife/landscape/family). No contact surfaced.,https://www.hellogeorgetown.com/business-directory/markus-lindsey-photography/;https://voyageaustin.com/interview/life-work-with-markus-lindsey-of-georgetown/
49,Matthew Chambers Photography,Matthew Chambers,"Leander, TX",,,Website only,https://www.matthewchambersphotography.com,,"Residential/commercial RE, glamping, weddings, headshots",Confirmed solo,Personal-name brand; veteran solo photographer,,Yelp (Spicewood RE list),Budget-friendly,Generalist.,https://www.matthewchambersphotography.com/realestate;https://www.alignable.com/leander-tx/matthew-chambers-photography
50,Maverick Creative Media,Matthew De Oreo,Austin (exact base unconfirmed),,,Website only,https://www.maverickcreativeatx.com/,@maverickcreativeatx,photo; drone; video,Likely solo,Site: 'owned and operated by Matthew De Oreo',,,,No contact surfaced; north-metro base not confirmed.,https://www.maverickcreativeatx.com/
51,Brian Mendes (real estate photographer),Brian Mendes,Pflugerville,,,No contact found (Zillow/Yelp profile only),,,photo,Likely solo,Individual Zillow photographer profile,,,,Only Zillow profile found; no contact surfaced.,https://www.zillow.com/profile/brian62803
52,C12 Photography,Alexsi (last name not found),Round Rock,,,No contact found (Zillow/Yelp profile only),,,photo,Likely solo,Started 2010 by two brothers (owner-operated duo),,,,"Brother duo, not husband-wife; no contact surfaced.",https://www.alignable.com/round-rock-tx/c12-photography/real-estate-photography;https://nextdoor.com/pages/c12-photography-round-rock-tx/
53,Ceezaer LLC (Ceezaer Drone Services),,Round Rock,,,No contact found (Zillow/Yelp profile only),,,drone photo; drone video,Likely solo,LLC registered to an apartment address in Round Rock; Part 107 single-operator style listing,,,,Weak solo evidence; no contact surfaced.,https://local.yahoo.com/info-241265610-ceezaer-drone-services-round-rock/;https://texas-biz.com/co/ceezaer-llc
54,Fresh Media Co,David Capote,Cedar Park,,,No contact found (Zillow/Yelp profile only),,,photo,Likely solo,Zillow profile under individual name,,,,Only Zillow profile found; no contact surfaced.,https://www.zillow.com/profile/Davefreshmediaco
