#,Name,Segment,Sub-specialties,Office status,Address,Address evidence,Phone,Non-512/737 phone,Email,Website,Instagram,Rating,Price hint,Notes,Sources
1,Boko Media,Real Estate,photo (HDR/flambient); drone; video; commercial,✅ Commercial office/studio,"108 Wild Basin Rd S, Suite 250, Austin, TX 78746",Suite 250 in Wild Basin office complex per Yelp + BBB listing,(512) 693-4021,,,https://bokomedia.com/,,,,"Serving Central Texas since 2016; hours M-F 9-7, Sat 10-5",https://bokomedia.com/contact/;https://www.bbb.org/us/tx/austin/profile/photographer/boko-media-real-estate-photography-video-0825-1000251207;https://www.yelp.com/biz/boko-media-austin
2,Come and Shoot It Photography,Real Estate,photo (flambient); drone; video/reels; Matterport; floor plans; virtual staging; twilight; Airbnb/commercial,✅ Commercial office/studio,"1320 Arrow Point Dr, Ste 501, Cedar Park, TX 78613",Yelp listing + local directory both show Ste 501 suite address,(512) 400-4205,,,https://www.comeandshootitphotography.com/,,Hive Party 5.0 (29); Facebook 100% recommend (6),Pricing guide published on site,"Established 2015; covers Cedar Park, Austin, Round Rock, Georgetown, Leander, Lakeway, Bee Cave, Dripping Springs",https://www.comeandshootitphotography.com/;https://www.comeandshootitphotography.com/real-estate-pricing-guide;https://www.yelp.com/biz/come-and-shoot-it-photography-cedar-park;https://local.yahoo.com/info-210266027-come-and-shoot-it-photography-cedar-park/
3,Justin Wallace Architecture Photography,Architecture/Interiors,"Commercial real estate, office, multifamily/apartment, architectural exteriors/interiors",✅ Commercial office/studio,"321 W Ben White Blvd, Ste 106A, Austin, TX 78704",Suite address on Yelp and Superpages listings; separate PO Box 90152 billing address reported; suite number on a commercial arterial,(512) 814-8451,,justin@justinwallacephotography.com,https://www.justinwallacephotography.com/,,5.0 stars / 15 reviews (Birdeye/Google),,"Photographer: Justin Wallace. 15+ years; focuses on medium-to-large commercial spaces for brokers, property managers, architects, builders, designers. | Same address as Photogroup Studios; likely the same business or a shared studio.",https://www.justinwallacephotography.com/;https://www.yelp.com/biz/justin-wallace-austin;https://cars.superpages.com/austin-tx/bpp/justin-wallace-architecture-photography-538028493;https://reviews.birdeye.com/justin-wallace-photography-170416005248159
4,Thomas McConnell Photography,Architecture/Interiors,"Architecture and interior design, corporate video; healthcare, education, civic, office, multifamily, retail, hospitality",✅ Commercial office/studio,"2414 Exposition Blvd, Austin, TX 78703","Address shown on Yelp and ChamberofCommerce listings; LoopNet confirms 2414 Exposition is Tarrytown Center, a shopping/office center. No suite number found, and the listing could be out of date",512-426-8368,,tom@mcconnellphoto.net,https://mcconnellphoto.net/,@thomasmcconnell512,,,"Photographer: Thomas McConnell. Clients include IA Interior Architects, Jacobs Engineering, DPR Construction. LinkedIn also lists 'Emphatic Creative' (video).",https://mcconnellphoto.net/;https://www.yelp.com/biz/thomas-mcconnell-photography-austin;https://www.chamberofcommerce.com/business-directory/texas/austin/photographer/2028772842-thomas-mcconnell-photography;https://www.loopnet.com/Listing/2414-Exposition-Blvd-Austin-TX/14101395/
5,Kara Marie Collective,Commercial/Brand,"Personal branding, product, content photography team",✅ Commercial office/studio,"2906 S 1st St, Ste 202, Austin, TX 78704",Suite address on own site,,,hello@karamariecollective.com,https://karamariecollective.com/,@kara.marie.collective,,,"Team of content photographers (has an 'our team' page), so good for ongoing brand content.",https://karamariecollective.com/;https://karamariecollective.com/product-photography;https://karamariecollective.com/ourteam
6,Photogroup Studios Austin,Commercial/Brand,"Rental studios plus in-house headshots, commercial/editorial photo and video, equipment rental",✅ Commercial office/studio,"321 W Ben White Blvd #106a, Austin, TX 78704","Unit address on Yelp and Studio.Guide; 4,000 sq ft facility",(512) 373-8547,,,https://www.photogroupaustin.com/,@photogroupstudios,Yelp (10 reviews),Hourly/daily rates and memberships,"6 shooting studios including a 1,400 sq ft cyc room. A collective of Austin photographers, so they can supply shooters as well as space. | Same address as Justin Wallace Architecture Photography; likely the same business or a shared studio.",https://www.photogroupaustin.com/;https://www.yelp.com/biz/photogroup-austin;https://studio.guide/studio/photogroup-studios-austin/
7,Applebox Imaging,Product/Food,"Studio and on-location product, food & beverage (also does architecture)",✅ Commercial office/studio,"1023 Springdale Rd, Ste 10-B, Austin, TX 78721",Suite address on Yelp and Yahoo Local; Springdale Rd creative/industrial complex,(512) 818-6491,,,https://www.appleboximaging.com/,,,,"Phone was removed from their own website because of solicitation calls, so they prefer email or the contact form for estimates. Hours M-F 8-8, Sat 8-2.",https://www.appleboximaging.com/;https://www.yelp.com/biz/applebox-imaging-austin-5;https://www.appleboximaging.com/food-beverage-photography
8,Ashleigh Amoroso Studio,Product/Food,"Food, product, lifestyle; rental studio (with Aileen Fitz Studio)",✅ Commercial office/studio,"111 West 8th Street, Austin, TX 78701","Own studio site: full-service food photography studio in an 1870 downtown building, rentable by the hour",,,studio@ashleighamoroso.com,https://www.ashleighamoroso.com/,@ashleighamoroso,,"Studio rental $150/hr single studio, $300/hr whole building, 2-hr min",Commercial food/product photographer who also rents out her downtown studio.,https://www.ashleighamoroso.com/;https://www.ashleighamorosostudio.com/;https://studio.guide/studio/historic-downtown-creative-rental-studio/
9,Jody Horton Photography / St. John Studios,Product/Food,"Food & beverage, lifestyle, agriculture, editorial; owns rentable production studio",✅ Commercial office/studio,"705 W St Johns Ave, Austin, TX 78752",Renovated warehouse run as St. John Studios (production and event rental); jodyhorton.com has a page about St. John Studios; same address in listings,(512) 524-0093,,,https://jodyhorton.com/,,,"Studio rental (Back Studio): $150/hr, 3-hr min, or $1,000/day (weekdays)","Established food/editorial photographer listed on Wonderful Machine. Warehouse has two production studios plus a great hall, so it works for bigger shoots.",https://jodyhorton.com/;https://jodyhorton.com/St-John-Studios-Austin-Texas/1;https://www.stjohnstudiosatx.com/the-back-studio;https://wonderfulmachine.com/find/photographers/jody-horton/
10,soona (Austin studio),Product/Food,"E-commerce product photo & video, lifestyle, Amazon listings",✅ Commercial office/studio,"2301 E Riverside Dr, Bldg A-300, Austin, TX 78741","Suite address on soona's Austin studio page and Yelp; pink building with multiple photo/video bays, free parking, M-F 8am-6pm",,,,https://soona.co/photo-studios/austin,,,From $39/photo (soona page snippet),National platform (HQ elsewhere) with a physical Austin studio; high-volume e-commerce. Clients can join shoots virtually. No local phone found.,https://soona.co/photo-studios/austin;https://www.yelp.com/biz/soona-austin
11,ATX Headshots,Headshots/Corporate,"Coached headshots, individuals and small groups",✅ Commercial office/studio,"600 S Bell Blvd, Suite 7, Cedar Park, TX 78613",Suite address on Yelp and own site,(512) 790-8298,,info@atxheadshots.co,https://www.atxheadshots.co/,,,,"Ryan Dunbar, 11 years doing headshots. Open Tue-Sat. Cedar Park (north metro).",https://www.atxheadshots.co/contact;https://www.yelp.com/biz/atx-headshots-cedar-park
12,Austin TX Headshots,Headshots/Corporate,"Actor and corporate headshots, groups",✅ Commercial office/studio,"3908 Avenue B, Austin, TX 78751 (The Baker School)",Own site says the studio is in the old Baker School behind Central Market; that building is office space for rent at 3908 Avenue B. No suite number found,,,info@austintxheadshots.com,https://www.austintxheadshots.com/,,,50% deposit to book,20 years' experience; free on-site parking.,https://www.austintxheadshots.com/;https://www.thebakerschool.com/
13,Doc List Photography (Austin Professional Headshots),Headshots/Corporate,"Headshots, portraits, dance",✅ Commercial office/studio,"8711 Burnet Rd, Ste B-38, Austin, TX 78757","Suite in a Burnet Rd commercial center, per Yelp",(512) 270-0704,,,https://austinheadshots.com/,,,,"Award-winning. A second number, (512) 369-3312, appears in another listing.",https://austinheadshots.com/;https://www.yelp.com/biz/doc-list-photography-austin
14,Just Headshots,Headshots/Corporate,Professional headshots,✅ Commercial office/studio,"7701 N Lamar Blvd, Ste 460, Austin, TX 78752","Suite in a N Lamar office building, per Yelp",(512) 468-3477,,,https://www.justheadshotsatx.com/,,,,Little detail available; check reviews before booking.,https://www.justheadshotsatx.com/;https://m.yelp.com/biz/just-headshots-austin
15,Korey Howell Photography Group,Headshots/Corporate,"Business headshots, personal branding, corporate groups (studio or on-site)",✅ Commercial office/studio,"8820 Business Park Dr, Ste 300, Austin, TX 78759",Suite address on Yelp and chamberofcommerce.com; business-park office,(512) 331-7744,,,https://koreyhowellphotography.com/,,Yelp 5.0 (129),"Sessions: 30 min $390, 1 hr $690, 1.5 hr $990 (per search snippet)","Long-running studio (since 1990) with multiple photographers ('Group'). Hours M-Th 9-5, F 9-1.",https://koreyhowellphotography.com/;https://koreyhowellphotography.com/contact;https://www.yelp.com/biz/korey-howell-photography-group-austin
16,Suzanne Covert Headshot Photography,Headshots/Corporate,"Corporate headshots, executive portraits, team/event headshots, actor headshots",✅ Commercial office/studio,"800 Brazos St, Ste 290, Austin, TX 78701","Suite in a downtown office building, per Yelp and search snippets",(512) 660-3116,,sc@suzannecovert.com,https://suzannecovert.com/,,Google 5.0 (85),Packages page on site,Peter Hurley Headshot Crew mentor; Austin headshots since 2013.,https://suzannecovert.com/;https://suzannecovert.com/packages;https://www.yelp.com/biz/suzanne-covert-headshot-photography-austin-2
17,Clark Patterson Photography & Videography,Wedding,"Wedding photo + video, engagement, events",✅ Commercial office/studio,"501 W 26th St #202, Austin, TX 78705",Suite #202 address in own site title/footer and Yelp; M-F 8-5 office hours,(512) 784-0929,,,https://www.austinweddingphotographersix.com,,WeddingWire 5.0 (112),,Multi-shooter company; 650+ couples. West Campus office. Email domain austinweddingphotographersix.com (full address not published).,https://www.austinweddingphotographersix.com/;https://www.yelp.com/biz/clark-patterson-photography-and-videography-austin;https://www.weddingwire.com/reviews/clark-patterson-photography-videography-austin/01aced63e68235ec.html
18,Angela O'Malley Photography,Portrait/Family/Newborn,"Newborn, maternity, baby milestone, family (studio)",✅ Commercial office/studio,"2823 E Martin Luther King Jr Blvd, Suite 140, Austin, TX 78702",Suite #140 on commercial E MLK corridor; studio hours Fri-Tue by appointment listed with address in multiple search snippets,(512) 373-6891,,angelaomalleyphotography@gmail.com,https://www.angelaomalleyphotography.com,,Birdeye 4.9 (31),,Luxury full-service East Austin studio; closed Wed/Thu. Phone/email from search snippets of own site; confirm.,https://www.angelaomalleyphotography.com/contact;https://reviews.birdeye.com/angela-omalley-photography-171051649017690;https://trustanalytica.org/us/tx/austin/reviews/angela-o-malley-photography
19,Art of Seduction Boudoir (Austin),Portrait/Family/Newborn,"Boudoir, bridal boudoir; hair/makeup & styling included",✅ Commercial office/studio,"8701 W Parmer Ln, Unit 1120, Austin, TX 78729",Unit 1120 address on Yelp and search snippets; all-female boutique studio with set weekday hours,(630) 667-4633,Y,,https://www.artofseductionchicago.com/austin-boudoir-photography-studio,,Yelp (10 reviews),,Chicago-based brand with Austin location; led by Argentina Leyva (15+ yrs). Phone is Chicago-area code.,https://www.yelp.com/biz/art-of-seduction-boudoir-austin;https://www.artofseductionchicago.com/contact;https://www.weddingwire.com/biz/art-of-seduction-boudoir/2cbce75631c27e9a.html
20,Kim Ortiz Portrait Art,Portrait/Family/Newborn,"Fine-art/mixed-media family and dog portraits, wall art",✅ Commercial office/studio,"12700 Hill Country Blvd, S-120, Bee Cave, TX 78738","Studio inside Hill Country Galleria (retail center), suite S-120; Westlake Chamber member",(512) 817-4996,,kim@kimortiz.com,https://www.kimortiz.com,@kimortizportraitart,,,High-end painted/heirloom portraits; studio open weekdays 1-5pm. ZIP 78738 inferred from Bee Cave location (not in source) - verify.,https://www.kimortiz.com/about-us;https://www.westlakechamber.com/list/member/kim-ortiz-portrait-art-bee-cave-512-817-4996-9227;https://cca.westaustinchamber.org/kim-ortiz-portrait-art-_k_1_75_15099215_memberprofile2.aspx
21,My Unique Picture,Portrait/Family/Newborn,"Maternity, newborn, sitter, first-year, family; in-studio & on-location",✅ Commercial office/studio,"202 Walton Way, Ste 192, Cedar Park, TX 78613",Suite address in search snippet (contact/our-studio pages); own site has 'Our Studio' page,(832) 403-8055,Y,,https://myuniquepicture.com,,TrustAnalytica 4.9,,Cedar Park (NW suburb). Phone has 832 (Houston) area code.,https://myuniquepicture.com/our-studio/;https://myuniquepicture.com/contact-us/;https://trustanalytica.org/us/tx/cedar-park/reviews/my-unique-picture
22,Photo Texas Photography,Portrait/Family/Newborn,"School portraits, sports/league, seniors, graduation",✅ Commercial office/studio,"7804 Bell Mountain Dr, Ste 101, Austin, TX 78730","Suite 101 address on own site, Yelp and BBB profile",(512) 617-7780,,austin@phototexasphotography.com,https://www.phototexasphotography.com,,Yelp (67 reviews); BBB accredited since 2021,,Volume/school photography company; 16 yrs in business per BBB. Toll-free 1-800-883-6463.,https://www.phototexasphotography.com/contact;https://www.bbb.org/us/tx/austin/profile/photographer/photo-texas-photography-0825-1000142772;https://www.yelp.com/biz/photo-texas-photography-austin-3
23,Valerie Kay Photography (Beautiful Beginnings / Austin Newborn Photography),Portrait/Family/Newborn,"Newborn, maternity, family; fine-art studio portraits",✅ Commercial office/studio,"15912 Ranch Road 620 N, Ste 203, Austin, TX 78717",Ste 203 address on Yelp and austinnewbornphotography.com; own site has dedicated studio/location pages,(512) 670-8187,,,https://www.valeriekayphotography.com,,Yelp listing (114 photos; count not captured),,Runs two brands/sites (valeriekayphotography.com and austinnewbornphotography.com). Hours Mon-Fri.,https://www.valeriekayphotography.com/the-studio/;https://www.yelp.com/biz/valerie-kay-photography-austin;https://www.austinnewbornphotography.com/
24,Zesty Orange Photography (Olesya Redina),Portrait/Family/Newborn,"Maternity, newborn, family, cake smash, boudoir, headshots",✅ Commercial office/studio,"15550 Ranch Road 620 N, Suite 200, Austin, TX 78717",Suite 200 address on own site studio page and Yelp listing,(512) 998-9445,,info@zestyorangephoto.com,https://zestyorangephoto.com,,TrustAnalytica 5.0 (66); Facebook 100% recommend (26),,Claims 'Best Maternity & Newborn Photographer in Austin' 5 yrs running (2024). NW Austin/Four Points area.,https://zestyorangephoto.com/photography-studio-austin/;https://zestyorangephoto.com/contact/;https://www.yelp.com/biz/zesty-orange-photography-by-olesya-redina-austin;https://trustanalytica.org/us/tx/austin/reviews/zesty-orange-photography-by-olesya-redina
25,Premier Realty Services (PRS),Real Estate,photo; drone; video; 3D tours; virtual staging; headshots; sign installation,⚠️ Office outside Austin,"12999 Murphy Rd, Suite i1, Stafford, TX 77477","Suite address from company site snippet - but this is the Houston-area HQ, NOT an Austin office",(281) 800-4898,Y,help@prstx.com,https://www.prstx.com/austin,@premierrealtyservicestx,,,"Larger Texas media + signage company (Austin, Dallas, Houston, San Antonio, Nashville) | HQ is in Stafford (Houston area), no Austin office.",https://www.prstx.com/;https://www.prstx.com/austin
26,512 Real Estate Photography,Real Estate,photo; video; drone (Deluxe package),❓ Address listed (type unclear; may be a home),"800 Embassy Dr, Austin, TX",Address from Yelp listing only; type unverified,,,,https://www.512realestatephotography.com/,,,Tiered packages (Basics to Deluxe),Phone/email not found in snippets,https://www.512realestatephotography.com/;https://www.yelp.com/biz/512-real-estate-photography-austin
27,Austin Real Estate Photography,Real Estate,photo; drone; 3D (Realty capture); video; twilight; floor plans; commercial,❓ Address listed (type unclear; may be a home),"5413 Link Ave, Austin, TX 78751","Address from Yelp listing; appears to be a residential-area street, not verified",(512) 914-8308,,,https://austinrealestatephotography.com/,,,from $165 (STR) / $225 standard package,Photos delivered by 5pm next business day; video/3D/twilight 24-48h; states licensed & insured,https://austinrealestatephotography.com/;https://www.yelp.com/biz/austin-real-estate-photography-austin
28,Austin Rocks Productions,Real Estate,luxury photo; video; drone; commercial,❓ Address listed (type unclear; may be a home),"2100 Rick Whinery Dr, Austin, TX 78728",Address from search snippet (Wells Branch area); building type unverified,(512) 730-1425,,,https://austinrocksproductions.com/,,,Pricing page published,Luxury residential and commercial focus,https://austinrocksproductions.com/contact/;https://austinrocksproductions.com/pricing/
29,Bruce Fluet Real Estate Photography,Real Estate,photo; video; Matterport & Zillow 3D; floor plans; drone; virtual staging; Zillow Showcase,❓ Address listed (type unclear; may be a home),"3020 Margarita Loop, Round Rock, TX 78665","Address from search listing snippet; likely residential street, unverified",(512) 867-5398,,,https://brucefluet.com/,,Birdeye (10 reviews),,"Solo operator; prefers text/online booking; 2025 Best of Round Rock nominee; serves Round Rock, Georgetown, Pflugerville, Hutto, Cedar Park, Leander, Liberty Hill",https://brucefluet.com/;https://reviews.birdeye.com/bruce-fluet-real-estate-photography-bruce-fluet-llc-170416869259858;https://www.bestofroundrocktx.com/category/9648/best-photographer/35537/bruce-fluet-real-estate-photography
30,"Higher Views Imaging, LLC",Real Estate,"photo; ordering platform; marketing kit (flyers, social tiles)",❓ Address listed (type unclear; may be a home),"2532 La Mirada St, Leander, TX 78641",D&B lists this as 'corporate office' but a HAR home listing exists for the same address - likely home-based,,,,https://higherviewsimaging.com/,,,,"Owner Keith Mitchell; serves Leander, Cedar Park, Round Rock, Georgetown, Liberty Hill, Hutto, Pflugerville, N Austin",https://higherviewsimaging.com/;https://www.dnb.com/business-directory/company-profiles.higher_views_imaging_llc.753518cfd0c3aaaf0729a80deec9ff29.html
31,James Goulden Photography (Texas Real Estate Photographer),Real Estate,architecture/real estate photo; Matterport; 3D & video walkthroughs,❓ Address listed (type unclear; may be a home),"26 W Inwood Forest Dr, Wimberley, TX 78676","Address from Yelp; Wimberley (outside core metro), type unverified",(713) 396-6760,Y,,http://texasrealestate.photos/,,,,"Serves Buda, Kyle, Dripping Springs, Austin",http://texasrealestate.photos/contact;https://www.yelp.com/biz/james-goulden-photography-wimberley
32,TK Images,Real Estate,photo; drone; video; 3D tours,❓ Address listed (type unclear; may be a home),"10301 Ranch to Market 2222 #712, Austin, TX 78730",Yelp + site show this address with unit #712; unclear whether an office suite or mailbox unit,(512) 949-0988,,,https://www.tkimages.com/locations/austin/,,,Services & Pricing page published,"Founded 2002 (owner Julie Pistone Krampitz); Houston-origin, expanded to Austin/San Antonio; office hours M-F 9-5",https://www.tkimages.com/contact/;https://www.tkimages.com/locations/austin/;https://www.yelp.com/biz/tk-images-austin
33,Twist Tours,Real Estate,photo; drone photo/video; Matterport 3D; floor plans; twilight; property websites,❓ Address listed (type unclear; may be a home),"5102 Ridgemoor Dr, Austin, TX",Street address from Yelp listing only (no suite); office hours M-F 8:30-5 on site contact page,(866) 648-0022,Y,info@twisttours.com,https://www.twisttours.com/,,,,"Serves Austin and San Antonio markets; also works with builders, architects, designers",https://www.twisttours.com/contact-us/;https://www.yelp.com/biz/twist-tours-austin;https://www.twisttours.com/real-estate-photography/austin/
34,ZABE Media,Real Estate,photo; drone; 3D tours; twilight; floor plans; video; virtual staging,❓ Address listed (type unclear; may be a home),"3401 S Lamar Blvd, Austin, TX 78704",Address from YellowPages/Yelp; on a commercial corridor but no suite number verified,(512) 740-5445,,contact@zabemedia.com,https://zabemedia.com/,,,,Founder Abriel Garcia; alternate phone (361) 537-4168; Yelp shows 133 photos,https://zabemedia.com/contact/;https://www.yellowpages.com/austin-tx/mip/zabe-media-579765910;https://www.yelp.com/biz/zabe-media-austin
35,Atelier Wong Photography,Architecture/Interiors,"Architecture, interiors, portrait, video",❓ Address listed (type unclear; may be a home),"2419 S 5th St, Austin, TX 78704","Address on Yelp. HAR.com property records list it as a single-family house (Galindo neighborhood), so it is probably a home office, not a commercial studio",512.627.1288,,Patrick@Atelierwong.com,https://www.atelierwong.com/,,,,Photographer: Patrick Y. Wong; background in environmental design/architecture. AIA Austin allied member.,https://www.atelierwong.com/contact;https://www.yelp.com/biz/atelier-wong-photography-austin;https://aiaaustin.org/allied-members/atelier-wong-photography/;https://www.har.com/homedetail/2419-s-5th-st-austin-tx-78704/13076680
36,Austin Pro Photo,Commercial/Brand,"Commercial photo & video, branding, advertising, portraits",❓ Address listed (type unclear; may be a home),"3401 W Parmer Ln #1234, Austin, TX 78727","Listed as 'Bridge at Waters Park', which appears to be a residential/apartment complex, so a commercial studio is unconfirmed",(512) 517-5367,,,https://www.austinprophoto.com/,,Yelp (10 reviews),,Website has a 'directions to studio' page. Hours M-F 9-5.,https://www.austinprophoto.com/;https://www.yelp.com/biz/austin-pro-photo-austin;https://www.austinprophoto.com/directions-austin-pro-photo-studio
37,Eric Coleman Photography (Creative Massive),Commercial/Brand,"Brand photography for founders/executives, food, portraits",❓ Address listed (type unclear; may be a home),"10000 Research Blvd, Austin, TX 78759","Office-park address from a Black-owned business directory; no suite, could be a virtual office",,,,https://www.ericcolemanphotography.com/,@ecolemanphoto,,,"Black-owned. Has grown into Creative Massive, which also does design, web and social.",https://www.ericcolemanphotography.com/;https://blackpulsehq.com/places/united-states/texas/austin/eric-coleman-eric-coleman-photography/
38,Studio Romy (Romy Suskin Photography),Commercial/Brand,"Portrait, branding, commercial, publicity; studio with corner cyc wall",❓ Address listed (type unclear; may be a home),"2617 S 1st St, Austin, TX 78704",Address on Yelp and ZoomInfo; Peerspace lists it as a professional photo studio in S. Austin with a cyc wall,(512) 912-1885,,,https://www.studioromy.com/,,,,"20 years of portrait, brand and commercial work; studio is also rentable on Peerspace.",https://www.studioromy.com/;https://www.yelp.com/biz/studio-romy-portrait-and-brand-photographer-austin;https://www.peerspace.com/pages/listings/57c8615793487e1f002871ce
39,Knox Photographics,Product/Food,"Food, beverage, product, lifestyle advertising",❓ Address listed (type unclear; may be a home),"119 W 8th St, Austin, TX 78701",Address and phone from ZoomInfo company profile only; not confirmed on own site,(512) 270-8355,,,https://www.knoxphotographics.com/,,,,Led by commercial advertising director/photographer Knoxy Knox. Verify the address before visiting.,https://www.knoxphotographics.com/;https://www.zoominfo.com/c/knox-photographics/354415179
40,Studio Stence,Product/Food,"Product, still life, people-with-products, corporate",❓ Address listed (type unclear; may be a home),"4901 Strass Dr, Austin, TX 78731",Address and phone from search snippets and a third-party review aggregator (trustanalytica); not confirmed on own site (site blocked for fetch),(512) 452-5867,,,https://www.stence.com/,,,,Commercial and product studio in business since 1985; Jackie Stence is designer/photographer. Serves national and local clients.,https://www.stence.com/;https://stence.com/About/;https://trustanalytica.org/us/tx/austin/reviews/studio-stence
41,Art of Headshots Austin,Headshots/Corporate,"Employee/corporate headshots, branding, actor, lifestyle",❓ Address listed (type unclear; may be a home),"1701 Guadalupe St, Austin, TX 78701",Downtown street address on Yelp; no suite given,(512) 807-0849,,contact@artofheadshots.com,https://www.artofportraits.com/austin-photography,,,Employee headshots $135/person; branding $385; lifestyle $450; actors $360,Branding portraits by Daniel Nguyen; free corporate consultations; 3-business-day turnaround. Part of a multi-city brand.,https://m.yelp.com/biz/headshots-austin-studio-art-of-headshots-austin;https://www.facebook.com/ArtofHeadshotsAustin/
42,The Austin Photo Truck,Headshots/Corporate,"Group/corporate headshots in a mobile RV studio, portraits",❓ Address listed (type unclear; may be a home),"4906 Cana Cv, Austin, TX 78749",Yelp address is on a residential cul-de-sac (South Austin 'HQ'); the studio is a converted RV,(979) 583-2169,Y,,https://www.austinphototruck.com/,,Yelp (14 reviews),"$155 individual session at the South Austin studio, includes 2 retouched photos","Says it has shot for Google, Forbes, Apple, eBay, TikTok, Meta and Oracle. Group sessions happen at the client's office.",https://www.austinphototruck.com/;https://www.yelp.com/biz/the-austin-photo-truck-austin
43,The Perfect Headshot,Headshots/Corporate,"Headshots for individuals, teams and companies; mobile studio",❓ Address listed (type unclear; may be a home),"2105 Rabb Rd, Austin, TX 78704","Address on Yelp; may be a residential street, not confirmed as commercial",(512) 361-1251,,,https://www.theperfectheadshot.com/,,Yelp (24 reviews),,Also runs a mobile studio for on-site corporate sessions. Hours Mon-Sat 10-6.,https://www.theperfectheadshot.com/;https://www.yelp.com/biz/the-perfect-headshot-austin
44,Peary Photography & Videography,Wedding,"Wedding photo/video; also officiating, florals, rentals",❓ Address listed (type unclear; may be a home),389 Limestone Trail (city not stated),Street from search snippet of contact info; city/type not verified,(214) 763-1105,Y,pearyphotography@gmail.com,https://www.pearyphotography.com,,WeddingWire 5.0 (299),,"Family team, 800+ weddings since 2004; all-inclusive wedding packages.",https://www.pearyphotography.com/Contact;https://www.weddingwire.com/reviews/peary-photography-austin/52a78719aee2fd8e.html
45,Hello Photography (Jen),Portrait/Family/Newborn,"Maternity, newborn, family; editorial studio portraits, client closet",❓ Address listed (type unclear; may be a home),"310 Sendero Ln, Leander, TX 78641",Address from own site/search snippet; describes 'fully equipped Leander studio' but street appears residential,(860) 904-8423,Y,jen@hellophotographyaustin.com,https://hellophotographyaustin.com,,,,Likely home-based studio in Leander. Out-of-state (CT) phone area code.,https://hellophotographyaustin.com/leander-photography-studio;https://hellophotographyaustin.com/contact;https://m.yelp.com/biz/hello-photography-cedar-park
46,Nina Miller Studio,Portrait/Family/Newborn,"Newborn, family, maternity; lifestyle at home or South Austin studio",❓ Address listed (type unclear; may be a home),"1903 Barton Hills Dr, Austin, TX 78704",Address on Yelp/Judy's Book; Barton Hills is a residential neighborhood (likely home studio). ZIP 78704 inferred - verify,(512) 699-5862,,,http://ninamillerstudio.com,,Birdeye (22 reviews),,Boutique South Austin studio.,https://www.yelp.com/biz/nina-miller-studio-austin;https://reviews.birdeye.com/nina-miller-studio-171051674149292;https://www.judysbook.com/Nina-Miller-Studio-Photographic-Studios-austin-tx-r30328042.htm
47,Sana Ahmed Photography,Portrait/Family/Newborn,"Maternity, newborn, family; studio portraits",❓ Address listed (type unclear; may be a home),"3102 Hidden Hills Ln, Cedar Park, TX 78613",Address from search snippet; street appears residential (likely home studio),,,sanaahmedphotography@gmail.com,https://sanaahmedphotography.com,,,,Boutique luxury newborn/maternity.,https://sanaahmedphotography.com/about;https://sanaahmedphotography.com/family;https://voyageaustin.com/interview/meet-sana-ahmed-of-austin/
48,Sweet Memories Photos by Carolyn,Portrait/Family/Newborn,"Newborn, cake smash, baby milestones",❓ Address listed (type unclear; may be a home),"1050 Meadows Dr, Round Rock, TX",Address from Yahoo Local/Yelp snippet; building type not verified,(267) 772-9600,Y,,https://sweetmemoriesbycarolyn.com,,,,Advertises spacious Round Rock studio; M-F hours. Out-of-state (PA) phone area code.,https://sweetmemoriesbycarolyn.com/contact/;https://www.yelp.com/biz/sweet-memories-photos-by-carolyn-round-rock;https://local.yahoo.com/info-209220714-Sweet-Memories-Photos-by-Carolyn/
49,Torrid Boudoir (Elizabeth Zimmerman),Portrait/Family/Newborn,"Boudoir, bridal boudoir, body-positive",❓ Address listed (type unclear; may be a home),"16001 Windermere Dr, Pflugerville, TX 78660","Conflicting: one directory lists 1105 Brass St, Austin 78702; Yelp/Nextdoor/Chamber list Pflugerville; Windermere address from search snippet",(512) 577-7936,,,https://torridboudoir.com,,Yelp (12 reviews),,Female-led. Text line (512) 538-0544. Confirm current studio location.,https://torridboudoir.com/contact/;https://www.yelp.com/biz/torrid-boudoir-pflugerville;https://www.chamberofcommerce.com/business-directory/texas/pflugerville/photographer/2025327619-torrid-boudoir
50,Max Photography (Justin Elledge),Event,"Corporate events, conferences, galas, SXSW activations, weddings, product; photo booths",❓ Address listed (type unclear; may be a home),"3113 Jubilee Trl, Austin, TX 78748",Address on Yelp listing; street appears residential (likely home office),(512) 964-8709,,justin@maxphotography.com,https://www.maxphotography.com,,Yelp (38); 100+ five-star reviews claimed across platforms,,Established 2007; owns 3 photo booths (Austin/San Antonio).,https://www.maxphotography.com/;https://www.yelp.com/biz/max-photography-austin-5;https://www.weddingwire.com/biz/max-photography-austin/eb2b14f630aaeebf.html
51,615 Media,Real Estate,photo; video; 3D tours; drone; commercial; land,— No public address (service-area),,No address found; multi-market service area,,,info@615.media,https://www.615.media/,,,,Multi-market company that includes Austin,https://www.615.media/austin-real-estate-photography;https://www.615.media/service-area
52,ATX Estate Media,Real Estate,HDR photo; video; drone; 3D tours; virtual staging; social video,— No public address (service-area),,"Only 'Pflugerville, TX 78660' listed",(805) 415-2369,Y,ContactATXEstateMedia@gmail.com,https://www.atxestatemedia.com/,,,,Pflugerville-based,https://www.atxestatemedia.com/contact;https://www.yelp.com/biz/atx-estate-media-pflugerville
53,ATX Photo Dude,Real Estate,photo; video; drone (Part 107); Matterport; Zillow 3D,— No public address (service-area),,No street address found,(512) 767-3706,,,https://atxphotodude.com/,,,,"Hours 8am-7pm daily; serves Austin, Lake Travis, Lago Vista, Cedar Park, Leander, Georgetown",https://atxphotodude.com/;https://www.yelp.com/biz/atx-photo-dude-austin
54,Austin 360 Photography,Real Estate,photo; drone photo/video; Matterport; video; virtual staging; twilight; commercial RE,— No public address (service-area),,"Listings show only 'Austin, TX 78701', no street address",(512) 686-4707,,contact@austin360photography.com,https://www.austin360photography.com/,,,Pricing page published (austin360photography.com/pricing),"Founder Luke Nunnally; serves Austin, Round Rock, Cedar Park, Pflugerville, Georgetown, Lakeway, Bee Cave, Dripping Springs",https://www.austin360photography.com/contact/;https://www.austin360photography.com/pricing/;https://www.yelp.com/biz/austin-360-photography-austin
55,Bravo Mike Real Estate Photography,Real Estate,photo; video; drone; virtual tours; twilight,— No public address (service-area),,"BBB profile lists Spicewood, TX; no street address",,,brandon@bravomikerep.com,https://www.bravomikerep.com/,,,,"Owner Brandon McCurry; serves Lakeway, Dripping Springs, Kyle, Buda, Leander and wider Central Texas",https://www.bravomikerep.com/contact/;https://www.bbb.org/us/tx/spicewood/profile/drone-photography/bravo-mike-real-estate-photography-0825-1000222822
56,Captic Media,Real Estate,3D virtual tours; 4K photo; drone; floor plans; commercial/retail,— No public address (service-area),,"Only 'Austin, TX 78753' (Tech Ridge) listed",(915) 494-2865,Y,,https://www.capticmedia.com/,,,,Appears on Yelp top Austin RE photography list,https://capticmedia.com/realestate;https://local.yahoo.com/info-225241004-captic-media-austin/;https://www.alignable.com/austin-tx/captic-media-llc
57,Casa Realty Media,Real Estate,photo; Airbnb; commercial; agent branding,— No public address (service-area),,No street address found,(920) 225-9478,Y,,https://casarealtymedia.com/,,,Services/Prices page published,"Covers Austin, Round Rock, Pflugerville, Cedar Park, Leander, Georgetown and 1-hr radius",https://casarealtymedia.com/services/;https://www.yelp.com/biz/casa-realty-media-austin
58,Frankstone Media,Real Estate,photo; drone photo/video; Matterport; video/reels; twilight; virtual staging; land,— No public address (service-area),,No address found,,,,https://www.frankstonemedia.net/,@frankstonemedia,,,Owner Harper Frankstone (photographer/videographer/drone pilot); next-business-day delivery. Phone/email not found in snippets - use site form,https://www.frankstonemedia.net/services;https://www.frankstonemedia.net/team;https://www.instagram.com/frankstonemedia/
59,Full Package Media,Real Estate,photo; HD video tours; drone; 3D tours,— No public address (service-area),,No address found,(512) 910-8076,,,https://fullpackagemedia.com/locations/tx/austin-real-estate-photography/,,,Bundled pricing (details on site),Shooting Austin homes since 2017; 'tens of thousands' of homes,https://fullpackagemedia.com/locations/tx/austin-real-estate-photography/
60,Full Page Photo,Real Estate,photo (MLS/luxury),— No public address (service-area),,No address found,(512) 402-6611,,,https://www.fullpagephoto.com/,,,,"Solo: Scott Hamilton, licensed TX Realtor shooting since 2011; phone found in search snippet may be his realtor line - verify",https://www.fullpagephoto.com/;https://www.fullpagephoto.com/about/;https://www.zillow.com/profile/fullpagephoto
61,Future Media (Future Listing Media),Real Estate,HDR photo; drone; video; 3D; luxury packages,— No public address (service-area),,"No Austin address found; multi-market (Dallas, Houston, Austin)",,,,https://www.futurelistingmedia.com/pricing/austin,,,"Drone add-on +$185; base pricing up to 3,500 sq ft","Photos 24h, video/3D 48-72h; serves Austin, Round Rock & Hill Country",https://www.futurelistingmedia.com/pricing/austin
62,HaasMedia,Real Estate,luxury photo; video,— No public address (service-area),,No address found,,,contact@haasmedia.co,https://www.haasmedia.co/,,,,Luxury real estate focus; phone not published,https://www.haasmedia.co/
63,Kelly Colson Photography,Real Estate,photo; 3D tours; video tours; property websites; 2D floor plans,— No public address (service-area),,Based in Round Rock; no street address published,(805) 416-6356,Y,kelly@kellycolson.com,https://www.kellycolson.com/,@colson.realestate.photography,,,"Solo; covers Round Rock, Austin, Georgetown, Leander, Pflugerville, Hutto, Cedar Park, Liberty Hill, Taylor",https://www.kellycolson.com/;https://www.instagram.com/colson.realestate.photography/
64,Key Listing Media,Real Estate,photo; drone; 3D; video,— No public address (service-area),,No address found,,,,https://keylistingmedia.com/,,,Publishes 2026 Austin pricing guide,"Serves Austin metro incl. Kyle, Buda, Dripping Springs. No phone/email found - contact via site",https://keylistingmedia.com/;https://keylistingmedia.com/how-much-does-real-estate-photography-cost-in-austin-2026-pricing-guide/
65,MrHevia Media,Real Estate,photo; drone; video; commercial; ranch,— No public address (service-area),,San Antonio-based; no Austin address,(210) 350-6121,Y,support@mrhevia.com,https://www.mrhevia.com/,,,Packages on FAQ page,"Based in San Antonio, serves Austin/Round Rock/Georgetown/Leander/Pflugerville/Cedar Park; also (800) 674-3427",https://www.mrhevia.com/contact;https://www.mrhevia.com/austin-real-estate-photography;https://www.yelp.com/biz/mr-hevia-photography-san-antonio
66,Optica Photo,Real Estate,photo; drone; commercial/architectural,— No public address (service-area),,"Only 'Austin, TX 78751' listed",(512) 766-2729,,,https://optica-photo.com/,,,,"Photos returned <24h; serves Cedar Park, Leander, Pflugerville, Round Rock, Georgetown, Dripping Springs, Buda, Kyle",https://optica-photo.com/contact/;https://optica-photo.com/round-rock-real-estate-photographer/
67,Premier Property Productions,Real Estate,photo; video; drone; virtual tours; 3D renderings; floor plans,— No public address (service-area),,"Only 'Austin, TX 78669' (Spicewood ZIP) listed",(512) 859-5200,,,https://www.premierpropertyproductions.com/,@premierpropertyproductions,,,"Locally owned; hours M-F 9-5, Sat 10-5",https://www.premierpropertyproductions.com/;https://www.yelp.com/biz/premier-property-productions-austin
68,Real Image Pros,Real Estate,photo; drone video; architectural,— No public address (service-area),,No street address found,(512) 474-7475,,,https://www.realimagepros.com/,,,,Real estate & architectural studio in business since 2015,https://www.realimagepros.com/contact-3;https://www.thumbtack.com/tx/austin/real-estate-photographers/real-image-pros/service/361367751789133829
69,Sold in a Snap,Real Estate,photo; drone; Matterport; Zillow 3D; video reels; headshots; virtual staging,— No public address (service-area),,No street address found,(888) 503-7627,Y,,https://soldinasnap.com/,,,,"Primarily Waco/Temple/Killeen + Williamson County (Georgetown, Round Rock, Leander); Austin case-by-case",https://soldinasnap.com/contact-us/;https://soldinasnap.com/coverage/real-estate-photography-leander-tx/
70,Studio 12 Austin,Real Estate,photo; drone; Matterport 3D; video reels; virtual staging; twilight,— No public address (service-area),,No street address found in site/search snippets; online order form only,,,,https://www.studio12austin.com/,,,,Founder/director Hanson Kanagaraj; says serving Central Texas since 2008; often same-day delivery with no rush fee. Phone not found - book via tours.studio12austin.com/order,https://www.studio12austin.com/;https://www.studio12austin.com/book-a-shoot.html;https://www.facebook.com/Studio12Austin/
71,Virtuance,Real Estate,photo; 3D tours; drone; floor plans; virtual staging; 4K video; property websites,— No public address (service-area),,"National network HQ in Denver, CO; no Austin office",(844) 443-7325,Y,,https://www.virtuance.com/austin-real-estate-photography/,,,$99 / 10 photos; $149 / 25 photos,"Large national network, next-day delivery, in-house editing",https://www.virtuance.com/austin-real-estate-photography/;https://www.virtuance.com/contact/;https://unifyrealestate.com/photography/virtuance/
72,Andrea Calo Photography,Architecture/Interiors,"Architecture, interiors, editorial",— No public address (service-area),,Email only; no street address found,,,andrea@andreacalo.com,https://www.andreacalo.com/,@andreacalo,,,"In Austin since 2012; BFA from ASU. Clients: Flato Architects (Lake|Flato), Curbed, NYT, WSJ, Specht Architects. Co-member of MASS Gallery.",https://www.andreacalo.com/about;https://apalmanac.com/potw/step-inside-westridge-residence-with-austin-tx-based-architectural-photographer-andrea-calo-178488
73,Brian Mihealsick Photography,Architecture/Interiors,"Commercial/civic architecture, libraries, recreation centers, construction clients, residential",— No public address (service-area),,No address found,,,info@brianmihealsick.com,https://www.brianmihealsick.com/,,,,"Projects include San Marcos Library, Turner Roberts Recreation Center, and work for Texas Construction Company. brianmihealsick@gmail.com is also reported.",https://www.brianmihealsick.com/;https://www.archdaily.com/photographer/brian-mihealsick
74,Casey Dunn Photography,Architecture/Interiors,"Architecture, interiors, editorial",— No public address (service-area),,Website lists only a studio email (contact: Rebecca Forchione); no street address found,,,studio@caseydunn.net,https://caseydunn.net/,,,,"Photographer: Casey Dunn (Austin native). Clients: Dwell, Olson Kundig, Bohlin Cywinski Jackson, Sasaki, NYT Magazine, Architect Magazine. One of the top-tier names in Austin.",https://caseydunn.net/;https://caseydunn.net/profile/;https://apalmanac.com/interviews/architectural-photography-in-austin-casey-dunn-discusses-his-philosophy-and-career-183120
75,Chase Daniel Architectural Photography,Architecture/Interiors,"Architecture, interiors",— No public address (service-area),,Contact page gives email and phone only,+1 (972) 832-3455,Y,hello@chasedaniel.co,https://www.chasedaniel.co/,,,,Former designer at an award-winning architecture firm (6 years) with an architecture degree. Featured by Archinect. Phone has a 972 (Dallas) area code.,https://www.chasedaniel.co/contact;https://archinect.com/features/article/150173894/in-focus-chase-daniel-on-oscillating-between-designing-and-photographing-buildings
76,Images by Johnny Stevens,Architecture/Interiors,"Architecture, interior design, commercial/student housing, aerial drone, real estate, portrait",— No public address (service-area),"Austin, TX 78746 (Westlake)",Only city and ZIP are published; no street address,(512) 762-5621,,,https://www.johnnystevens.com/,,5.0 on Houzz; 5 stars / 23 reviews (Birdeye),,"Photographer: Johnny Stevens, CPP. Clients: American Campus Communities, The Michaels Organization, Roscoe Property Management.",https://www.johnnystevens.com/;https://www.johnnystevens.com/contact-johnny/;https://www.houzz.com/professionals/photographers/images-by-johnny-stevens-pfvwus-pf~1762556467;https://reviews.birdeye.com/images-by-johnny-stevens-166614963402006
77,Impressive Spaces,Architecture/Interiors,"Architecture and interiors, hospitality, food and beverage, short-term rentals, headshots, video",— No public address (service-area),,Email only; operates in Austin and Denver,,,connect@impressivespacesphoto.com,https://www.impressivespacesphoto.com/,,,"Interior/exterior from $150 (+$25 per 500 sq ft over 2,500; twilight +$50; aerial +$200); interiors/amenities/exteriors package $275",Owner name not found. Portfolio includes GSC Architects headshots and the Hesperus Group. Prices were read from a 'pricing (Copy)' page and may not be current.,https://www.impressivespacesphoto.com/;https://www.impressivespacesphoto.com/contact-2;https://www.impressivespacesphoto.com/pricing-copy
78,Jake Holt Photography,Architecture/Interiors,"Modern architecture, interiors, hotels/resorts, builders",— No public address (service-area),,Info + Contact page gives email only; no address found,,,jake@jakeholt.com,https://www.jakeholt.com/,@jakeholt,,,"20+ years. Published in Dwell, Architectural Digest, Elle Decor, Wallpaper, Vogue, LA Times, Adweek.",https://www.jakeholt.com/info-contact;https://www.archdaily.com/photographer/jake-holt
79,JD Swiger Photography,Architecture/Interiors,"Architecture and interiors, corporate headshots, portraits",— No public address (service-area),,"No street address found on the website, Yelp or Thumbtack",512-450-8051,,jdswiger@gmail.com,https://www.jdswiger.com/,@jdswiger,,,Professional for 10+ years. Architecture is one of several lines of work; much of the business is headshots.,https://www.jdswiger.com/austin-architectural-photographer;https://www.jdswiger.com/contact-2;https://www.yelp.com/biz/jd-swiger-austin-3
80,Kieran Reeves Photography,Architecture/Interiors,"Interiors, architecture, some real estate",— No public address (service-area),,Email/contact page only,,,hello@kreevesphoto.com,https://kreevesphoto.com/,,,,Photographer: Kieran Reeves. Work featured on The Haven List.,https://kreevesphoto.com/;https://kreevesphoto.com/contact
81,Kimberly Davis Photography,Architecture/Interiors,"Interiors, architectural exteriors, home and garden, food, lifestyle",— No public address (service-area),,No street address found,214-335-6544,Y,,https://www.kimberlydavisphotography.com/,@kfdphoto,,,"Professional since 2006; BFA from UNT; former president of ASMP Austin/San Antonio. Clients: HGTV, NYT, Burberry, Austin Energy. Architecture is secondary to food work.",https://www.kimberlydavisphotography.com/interiors;https://www.kimberlydavisphotography.com/about
82,Leonid Furmansky Photographer LLC,Architecture/Interiors,"Modern/brutalist architecture, residential, adaptive reuse, towers, public structures, installations",— No public address (service-area),,No street address found on the website or in directories,512-779-1695,,Hello@LeonidFurmansky.com,http://leonidfurmansky.com/,,,,"Named one of ArchDaily's Top 25 Emerging Photographers; published in NYT, Dwell, Architectural Record, Dezeen, Texas Architect, Architect's Newspaper.",http://leonidfurmansky.com/contact;https://www.archdaily.com/photographer/leonid-furmansky;https://divisare.com/authors/2144820394-leonid-furmansky
83,Rachel Kay Photography (Applebox Imaging),Architecture/Interiors,"Hotels and resorts, restaurants, interiors, architecture, developers",— No public address (service-area),,Email only; no address found,,,rachelkay10000@gmail.com,https://www.rachel-kay.com/,,,,Founder of Applebox Imaging. Strong hospitality/restaurant focus. Listed on ArchDaily.,https://www.rachel-kay.com/;https://www.houzz.com/pro/therachelkay/rachel-kay-photographer;https://www.archdaily.com/photographer/rachel-kay
84,Ryann Ford Photography,Architecture/Interiors,"Interiors, architecture, landscape architecture and gardens",— No public address (service-area),,Contact page/email only,,,ryann@ryannford.com,https://www.ryannford.com/,,,,"Clients: NYT, Southern Living, Texas Monthly, Esquire. Published author (fine-art book on roadside rest stops).",https://ryannford.com/CONTACT/1/;https://www.houzz.com/professionals/commercial-purchaser/ryann-ford-photography-pfvwus-pf~1988236920
85,Tobin Davies Photography,Architecture/Interiors,"Luxury architecture, interiors, aviation",— No public address (service-area),,Contact is by web form only; no address found,,,,https://www.tobindavies.com/,,,,"Published in ArchDaily, Dwell, Architectural Digest, Luxe; recognized by TxA Design Awards and AIA Austin Design Awards. Works with architects, builders, designers, developers.",https://www.tobindavies.com/;https://www.tobindavies.com/contact;https://www.businessofarchitecture.com/podcast/546-insights-from-a-master-architectural-photographer-with-tobin-davies/
86,Alicia Leigh Photography,Commercial/Brand,"Brand, personal branding, lifestyle for entrepreneurs/small business",— No public address (service-area),,No street address found,(210) 744-7427,Y,,https://www.alicialeighphoto.com/,@alicialeighphoto,,,"Focuses on startups, small businesses and creative entrepreneurs. Phone is from search snippet.",https://www.alicialeighphoto.com/;https://www.alicialeighphoto.com/services
87,Melissa Bordeau Photography,Commercial/Brand,"Product, brand, lifestyle, events, headshots, Airbnb",— No public address (service-area),,No street address published; lists Austin/Hill Country service area,612-386-7420,Y,melissa@bordeauphoto.com,https://bordeauphoto.com/,@bordeauphoto,,,"Works with local and national brands (e-commerce, Amazon, editorial). Out-of-state (612) phone.",https://bordeauphoto.com/contact;https://bordeauphoto.com/productphotography
88,Ruby Riot Creatives,Commercial/Brand,"Brand photo & video, product, food/restaurant, podcasts",— No public address (service-area),,"Site says it has a physical office near 183A/MLK, but only gives the address to booked clients",(843) 212-6358,Y,heyruby@rubyriotcreatives.com,https://www.rubyriotcreatives.com/,@rubyriotcreatives,,,"Video production company that also does photography. Has a real office, but the address is not public. SC (843) phone.",https://www.rubyriotcreatives.com/contact-us;https://www.rubyriotcreatives.com/portfolio/industry/food-restaurant
89,Heather Barnes,Product/Food,Commercial food and product,— No public address (service-area),,Voyage Austin interview says she works from a home studio downtown; no public address,,,,https://www.heatherbarnes.com/,@heatherbarnesphoto,,,15+ years; used to shoot fashion in LA. Contact form only.,https://www.heatherbarnes.com/;https://voyageaustin.com/interview/conversations-with-heather-barnes/;https://www.peerspace.com/resources/best-product-photographers-austin/
90,Leslie Grow,Product/Food,"Food, beverage, product/cosmetics, stop-motion, CPG packaging",— No public address (service-area),,No street address found,,,info@lesliegrow.com,https://www.lesliegrow.com/,@lesliegrow,,,"Represented by Agency BAM; works in Austin/Dallas/LA/Chicago. Advertising, packaging and CPG work (e.g., IQBAR).",https://www.lesliegrow.com/contact;https://www.lesliegrow.com/food
91,Nick Barnes,Product/Food,"Commercial product/still life, lifestyle, beverage, outdoor, tech",— No public address (service-area),,No street address found; based in Austin and NYC,,,,https://www.nickbarnes.co/,@nickbarnes.co,,,Freelance (Nick Barnes LLC); minimalist white-background style; beverage/outdoor/hospitality/tech clients.,https://www.nickbarnes.co/product;https://www.linkedin.com/in/nickbarnesllc/
92,Nitya Jain,Product/Food,"Food, beverage, cookbook, tabletop direction",— No public address (service-area),,No street address; based in Austin and Seattle,206-353-7161,Y,nitya@nityajn.com,https://www.nityajn.com/,,,,IACP member; commercial and editorial work. Seattle (206) phone.,https://www.nityajn.com/;https://nityajn.com/contact-nityajain-austin-based/
93,Stephen Guidry,Product/Food,"Product/advertising still life, animated photos, retouching (health & wellness)",— No public address (service-area),,No street address found,,,,https://www.stephenguidry.org/,@stephen_guidry,,,"Freelancer; high-energy, colourful style (levitation, splashes).",https://www.peerspace.com/resources/best-product-photographers-austin/;https://www.linkedin.com/in/stephen-guidry-photo/
94,Alyssa Nikole Photography,Wedding,"Wedding, senior portraits, videography; fine-art natural light",— No public address (service-area),,No address published,,,,https://alyssanikolephotography.com,@alyssanikolephoto,The Knot / WeddingWire: 100% recommend (count not captured),,Also shoots Corpus Christi/College Station. Contact via site form.,https://alyssanikolephotography.com/;https://www.theknot.com/marketplace/alyssa-nikole-photography-austin-tx-607396;https://www.weddingwire.com/biz/alyssa-nikole-photography-austin/dd678ada8d23ace7.html
95,Kelly Costello Photography,Wedding,"Wedding (film + digital), engagement, destination",— No public address (service-area),,Home-based in San Marcos; no address published,,,kellycostellophotography@gmail.com,https://kellycostellophotography.com,@kellycostellophotography,The Knot Best of Weddings (4 yrs),,"Two-photographer team (Kelly + Ryan), 200+ weddings.",https://kellycostellophotography.com/;https://www.theknot.com/marketplace/kelly-costello-photography-austin-tx-1038982;https://www.weddingwire.com/biz/kelly-costello-photography-san-marcos/f346a2d313c3ea13.html
96,Matt Montalvo Photography,Wedding,"Wedding documentary, engagement, events",— No public address (service-area),,No street address published; Austin-based,(713) 305-5736,Y,info@MattMontalvo.com,https://mattmontalvo.com,,WeddingWire 5.0 (294); Yelp (29); Birdeye (78),,"Multi-award-winning, established 2007. Houston-area phone code.",https://mattmontalvo.com/contact/;https://www.weddingwire.com/reviews/matt-montalvo-photography-austin/5eb9f0f6c7a59342.html;https://www.yelp.com/biz/matt-montalvo-photography-austin
97,Solasta Media,Wedding,"Wedding photography, cinematic/romantic style",— No public address (service-area),,No address published; 'based in the heart of Austin',,,,https://www.solastamedia.com,,WeddingWire 5.0 (16),"Packages from $1,345",Owned by Kirby and Grant; 14-day no-risk cancellation. Contact via form.,https://www.solastamedia.com/;https://www.weddingwire.com/reviews/solasta-media/da7cc9c2631a5d4c.html;https://www.theknot.com/marketplace/solasta-media-austin-tx-2051896
98,Tia Trapuzzano Photography (Photos by Tia),Wedding,"Wedding, elopement, engagement; digital + film",— No public address (service-area),,No address published,,,TiaTrapphotography@gmail.com,https://photosbytia.co,@photosbytiaco,Facebook (3 reviews); listed on Thumbtack,,Smaller/newer (6+ yrs); photography degree. Also family/maternity.,https://photosbytia.co/contact;https://www.thumbtack.com/tx/austin/portrait-photographers/tia-trapuzzano-photography-llc/service/285271994233152531
99,Sharla Martin Photography,Portrait/Family/Newborn,"In-home newborn, family, child, maternity",— No public address (service-area),,Sessions primarily in client homes across Austin metro; no public street address,(512) 844-5955,,sharlamartinphotography@yahoo.com,https://sharlamartinphotography.com,,,,Established 2005; natural-light specialist.,https://sharlamartinphotography.com/contact-me/;https://www.yelp.com/biz/sharla-martin-photography-austin-2
100,ATX Event Photography,Event,"Corporate events, conferences, galas, brand activations",— No public address (service-area),,"Lists only 'East Austin, TX'",(972) 955-9874,Y,atxeventphotography@gmail.com,https://www.atxeventphotography.com,,,,"Event-only team. Similar-named businesses exist (ATX Events Photo, (737) 777-0469) - confirm identity. Contact data from search snippet.",https://www.atxeventphotography.com/contact;https://www.atxeventphotography.com/
101,JPM Real Estate Photography,Real Estate,photo; drone/aerials; video; virtual staging,— Unknown,,Conflicting addresses: Yelp title shows 3501 Ranch Rd 620 N; another snippet showed 3303 Doolin Dr 78704 - not verified,(512) 987-2371,,jpmoralesmarketing@gmail.com,https://jpmrealestatephotography.com/,,,Pricing page published (jpmrealestatephotography.com/pricing),Owner JP Morales; 24-hour delivery; serves Hill Country incl. Dripping Springs,https://jpmrealestatephotography.com/contact/;https://jpmrealestatephotography.com/pricing/;https://www.yelp.com/biz/jpm-real-estate-photography-austin
102,Andrew Bennett Photography,Architecture/Interiors,"Architecture, interiors, hotels, commercial/lifestyle, product",— Unknown,,"Contact page exists, but I could not view its details",,,,https://www.andrewbennettphoto.com/,@andrewbennettphoto,,,Named one of Austin's best photographers by the Austin Chronicle. Shot The LINE Hotel Austin. Related company: Bennett Creative (bennettcreative.co).,https://www.andrewbennettphoto.com/architecture;https://www.andrewbennettphoto.com/thelinehotel;https://www.andrewbennettphoto.com/contact
103,Merrick Ales Photography,Architecture/Interiors,"Architecture, hospitality, interiors; also concerts and outdoor",— Unknown,,"Listed in the Visit Austin directory, but no address or contact details were visible",,,,https://www.merrickales.com,,,,Featured on Hospitality Snapshots; shoots Christen Ales Interior Design projects (Tribeza Home Design Guide).,https://www.merrickales.com;https://hospitalitysnapshots.com/photographer/merrick-ales/;https://www.austintexas.org/listings/merrick-ales-photography/7222/
104,Molly Culver Photography,Architecture/Interiors,"Interiors, hospitality, lifestyle",— Unknown,,No contact details were visible in search results,,,,https://www.mollyculverphotography.com/,,,,"10+ years in interiors. Published in Domino, House Beautiful, Southern Living, Architectural Digest; shot The Independent (Austin).",https://www.mollyculverphotography.com/;https://luxesource.com/photographer/molly-culver
105,Piston Design (Paul Finkel),Architecture/Interiors,"Architecture: civic, institutional, hospitality, residential",— Unknown,,No street address found,512.799.8999,,,https://www.pistondesign.com/,,,,Photographer: Paul Finkel; active in architectural photography since 2000. Frequent work for Miró Rivera Architects; credits include the Carpenter Hotel and AISD Performing Arts Center. Email is on the site but was masked in search results.,https://www.pistondesign.com/;https://www.linkedin.com/in/finkelpaul/;https://divisare.com/authors/2144742922-paul-finkel-piston-design
106,Whit Preston Photography,Architecture/Interiors,"Residential architecture, hotels/hospitality, commercial portraits",— Unknown,,"Contact page exists, but I could not view email, phone or address (site fetch blocked; directory data masked)",,,,http://whitpreston.com/,,,,Studied at Art Center College of Design; spent 6 years as the in-house photographer for Frank Gehry's firm. Adjunct Associate Professor at Austin Community College.,http://whitpreston.com/contact;http://whitpreston.com/info;https://www.archdaily.com/photographer/whit-preston
107,Lindsey Thorne Photography / In My Boudoir,Wedding,"Wedding, boudoir, studio portraits, branding, headshots, events",— Unknown,"Austin, TX 78749 (street not published)",Yelp shows only city/ZIP with Tue-Sat hours (suggests studio) but no street,(512) 221-0605,,,https://lindseythorne.com,@inmyboudoir,Yelp 39 reviews (In My Boudoir); Yelp 14 reviews (Lindsey Thorne Photography),"Avg wedding package ~$7,000 (2 photographers, 8 hrs, engagement)",In business since 2011. Same owner runs both brands.,https://lindseythorne.com/;https://www.inmyboudoir.com/;https://www.yelp.com/biz/in-my-boudoir-by-lindsey-thorne-austin;https://www.weddingwire.com/biz/lindsey-thorne-photography-austin/3c9c178691074115.html
108,Art of You Portrait Studios / Art of You Boudoir,Portrait/Family/Newborn,"Boudoir, personal/legacy portraits, professional headshots",— Unknown,,"Round Rock Chamber member, ZIP 78665; street not captured; Yelp lists Round Rock",(512) 872-4894,,,https://www.artofyouportraits.com,@artofyouportraits,,,"Run by Christopher Reynolds; M-F hours listed, suggesting studio. Multiple domains (artofyouportraitstudios.com, artofyouboudoir.com).",https://www.artofyouportraits.com/contact;https://web.roundrockchamber.org/Business-and-Professional-Services/Art-of-You-Portrait-Studios-10866;https://www.yelp.com/biz/art-of-you-boudoir-round-rock
109,Haili Barton Photography,Portrait/Family/Newborn,"Luxury maternity, newborn, baby milestone, family, Fresh 48, boudoir",— Unknown,,Site says studio is in Pflugerville off I-35; street address not found,,,,https://hailibartonphotography.com,,,,Also serves New Braunfels. Contact via web form.,https://hailibartonphotography.com/austin-texas-photography-studio/;https://hailibartonphotography.com/contact
110,Noelle Westcott Photography,Portrait/Family/Newborn,"Heirloom vignette child portraits, B&W studio portraits, newborn, family, headshots",— Unknown,"North Austin, TX 78759 (street not published)",Directory lists ZIP 78759 and weekday hours; no street address,,,info@noellewestcott.com,https://www.noellewestcott.com,,,,Distinct classic studio style.,https://www.noellewestcott.com/;https://www.yelp.com/biz/no%C3%ABlle-westcott-photography-austin;https://www.noellewestcott.com/contact
111,Swng Productions,Event,"Corporate events, SXSW panels, keynotes, commercial photo + video",— Unknown,"Austin, TX 78704 (street not published)",Listed by ZIP only; street not found,(512) 814-8812,,,https://swngproductions.com,@swngproductions,,,Full-service video/photo agency; Visit Austin listed.,https://swngproductions.com/work-category/event-photography/;https://www.austintexas.org/listings/swng-productions/15436/
